County,pol1,Population Estimate 2017,pol2,pol3,pol4,pol5,pol6,pol7,pol8,pol9,pol9a,pol11,pol12,ppol11,ppol12,ppol13,ppol14,ppol15,ppol15a,ppol21,ppol22,ppol23,ppol24,ppol25,ppol25a,ppol31,ppol32,ppol33,ppol34,ppol35,ppol35a,ppol41,ppol42,ppol43,ppol44,ppol45,ppol45a
Alameda,Alameda,"79,177",1,1,15255,,2,1/18/2017,1/18/2017,1,,,,0,,,,,,,,,,,,,,,,,,,,,,,
Alameda,Albany,"20,143",1,1,2017-9,,2,4/17/2017,4/17/2017,1,,,,0,,,,,,,,,,,,,,,,,,,,,,,
Alameda,Berkeley,"122,324",1,1,,,2,6/25/2017,6/25/2017,1,,,,1,1,11/29/2016,11/29/2016,,,1,1,5/22/2007,5/22/2007,1,,1,1,1986,1986,1,,1,1,1971,1971,1,
Alameda,Dublin,"60,939",0,,,,,,,,,,,0,,,,,,,,,,,,,,,,,,,,,,,
Alameda,Emeryville,"11,758",1,1,17-08,,2,1/17/2017,1/17/2017,1,,,,0,,,,,,,,,,,,,,,,,,,,,,,
Alameda,Fremont,"234,962",1,1,2017-06,,2,3/7/2017,1/17/2017,1,,,,0,,,,,,,,,,,,,,,,,,,,,,,
Alameda,Hayward,"160,500",1,1,,,2,6/6/2017,6/6/2017,3,Administrative Rule,,,0,,,,,,,,,,,,,,,,,,,,,,,
Alameda,Livermore,"90,295",0,,,,,,,,,,,0,,,,,,,,,,,,,,,,,,,,,,,
Alameda,Newark,"47,531",1,1,"10,598",,2,2/23/2017,2/23/2017,1,,,,0,,,,,,,,,,,,,,,,,,,,,,,
Alameda,Oakland,"425,195",1,1,87036,,2,1/18/2018,1/18/2018,1,,0,,1,1,11/22/2016,11/22/2016,1,,1,1,7/8/1986,7/8/1986,1,,,,,,,,,,,,,
Alameda,Piedmont,"11,378",1,1,42-18,,2,6/4/2018,6/4/2018,1,,1,,0,,,,,,,,,,,,,,,,,,,,,,,
Alameda,Pleasanton,"83,007",0,,,,,,,,,0,,0,,,,,,,,,,,,,,,,,,,,,,,
Alameda,San Leandro,"90,553",1,1,2017-023,,2,2/21/2017,2/21/2017,1,,0,,0,,,,,,,,,,,,,,,,,,,,,,,
Alameda,Union City,"75,343",1,1,5069-17,,2,5/9/2017,5/9/2017,1,,0,,0,,,,,,,,,,,,,,,,,,,,,,,
Amador,Amador City,190,0,,,,,,,,,1,,0,,,,,,,,,,,,,,,,,,,,,,,
Amador,Ione,"7,827",0,,,,,,,,,1,,0,,,,,,,,,,,,,,,,,,,,,,,
Amador,Jackson,"4,740",0,,,,,,,,,1,,0,,,,,,,,,,,,,,,,,,,,,,,
Amador,Plymouth,993,0,,,,,,,,,0,,0,,,,,,,,,,,,,,,,,,,,,,,
Amador,Sutter Creek,"2,575",0,,,,,,,,,0,,0,,,,,,,,,,,,,,,,,,,,,,,
Butte ,Biggs,"1,711",0,,,,,,,,,0,,0,,,,,,,,,,,,,,,,,,,,,,,
Butte ,Chico,"93,293",0,,,,,,,,,0,,0,,,,,,,,,,,,,,,,,,,,,,,
Butte ,Gridley,"6,608",0,,,,,,,,,0,,0,,,,,,,,,,,,,,,,,,,,,,,
Butte ,Oroville,"19,121",0,,,,,,,,,,,0,,,,,,,,,,,,,,,,,,,,,,,
Butte ,Paradise,"26,682",0,,,,,,,,,,,0,,,,,,,,,,,,,,,,,,,,,,,
Calaveras ,Angels Camp,"3,807",0,,,,,,,,,0,,0,,,,,,,,,,,,,,,,,,,,,,,
Colusa,Colusa,"5,963",0,,,,,,,,,1,,0,,,,,,,,,,,,,,,,,,,,,,,
Colusa,Williams,"5,349",0,,,,,,,,,0,,0,,,,,,,,,,,,,,,,,,,,,,,
Contra Costa,Antioch,"111,674",0,,,,,,,,,0,,0,,,,,,,,,,,,,,,,,,,,,,,
Contra Costa,Brentwood,"62,433",0,,,,,,,,,0,,0,,,,,,,,,,,,,,,,,,,,,,,
Contra Costa,Clayton,"12,150",0,,,,,,,,,0,,0,,,,,,,,,,,,,,,,,,,,,,,
Contra Costa,Concord,"129,783",1,1,17-73,,2,9/26/2017,9/26/2017,1,,,,0,,,,,,,,,,,,,,,,,,,,,,,
Contra Costa,Danville,"44,786",0,,,,,,,,,,,0,,,,,,,,,,,,,,,,,,,,,,,
Contra Costa,El Cerrito,"25,515",1,1,2017-15,,2,3/21/2017,3/21/2017,1,,,,0,,,,,,,,,,,,,,,,,,,,,,,
Contra Costa,Hercules,"25,545",0,,,,,,,,,,,0,,,,,,,,,,,,,,,,,,,,,,,
Contra Costa,Lafayette,"26,440",0,,,,,,,,,,,0,,,,,,,,,,,,,,,,,,,,,,,
Contra Costa,Martinez,"38,373",1,1,025-17,,2,3/15/2017,3/15/2017,1,,0,,0,,,,,,,,,,,,,,,,,,,,,,,
Contra Costa,Moraga,"17,630",0,,,,,,,,,,,0,,,,,,,,,,,,,,,,,,,,,,,
Contra Costa,Oakley,"41,714",0,,,,,,,,,,,0,,,,,,,,,,,,,,,,,,,,,,,
Contra Costa,Orinda,"19,730",0,,,,,,,,,,,0,,,,,,,,,,,,,,,,,,,,,,,
Contra Costa,Pinole,"19,364",0,,,,,,,,,,,0,,,,,,,,,,,,,,,,,,,,,,,
Contra Costa,Pittsburg,"72,141",0,,,,,,,,,,,0,,,,,,,,,,,,,,,,,,,,,,,
Contra Costa,Pleasant Hill,"34,987",1,1,45-17,,2,6/5/2017,6/5/2017,1,,0,,0,,,,,,,,,,,,,,,,,,,,,,,
Contra Costa,Richmond,"110,040",1,1,106-16,,2,12/6/2016,12/6/2016,1,,0,,0,,,,,,,,,,,,,,,,,,,,,,,
Contra Costa,San Pablo,"31,156",1,1,2017-045,,2,3/6/2017,3/6/2017,1,,0,,0,,,,,,,,,,,,,,,,,,,,,,,
Contra Costa,San Ramon,"75,931",0,,,,,,,,,,,0,,,,,,,,,,,,,,,,,,,,,,,
Contra Costa,Walnut Creek,"69,773",0,,,,,,,,,,,0,,,,,,,,,,,,,,,,,,,,,,,
Del Norte,Crescent City,"6,399",0,,,,,,,,,,,0,,,,,,,,,,,,,,,,,,,,,,,
El Dorado,Placerville,"10,936",0,,,,,,,,,0,,0,,,,,,,,,,,,,,,,,,,,,,,
El Dorado,South Lake Tahoe,"21,978",0,,,,,,,,,0,,0,,,,,,,,,,,,,,,,,,,,,,,
Fresno,Clovis,"109,691",0,,,,,,,,,0,,0,,,,,,,,,,,,,,,,,,,,,,,
Fresno,Coalinga,"16,766",0,,,,,,,,,,,0,,,,,,,,,,,,,,,,,,,,,,,
Fresno,Firebaugh,"8,328",0,,,,,,,,,0,,0,,,,,,,,,,,,,,,,,,,,,,,
Fresno,Fowler,"6,495",0,,,,,,,,,0,,0,,,,,,,,,,,,,,,,,,,,,,,
Fresno,Fresno,"527,438",0,,,,,,,,,0,,0,,,,,,,,,,,,,,,,,,,,,,,
Fresno,Huron,"7,311",0,,,,,,,,,,,0,,,,,,,,,,,,,,,,,,,,,,,
Fresno,Kerman,"14,932",0,,,,,,,,,0,,0,,,,,,,,,,,,,,,,,,,,,,,
Fresno,Kingsburg,"12,002",0,,,,,,,,,,,0,,,,,,,,,,,,,,,,,,,,,,,
Fresno,Mendota,"11,438",0,,,,,,,,,0,,0,,,,,,,,,,,,,,,,,,,,,,,
Fresno,Orange Cove,"9,604",0,,,,,,,,,,,0,,,,,,,,,,,,,,,,,,,,,,,
Fresno,Parlier,"15,250",0,,,,,,,,,,,0,,,,,,,,,,,,,,,,,,,,,,,
Fresno,Reedley,"25,620",0,,,,,,,,,0,,0,,,,,,,,,,,,,,,,,,,,,,,
Fresno,Sanger,"25,161",0,,,,,,,,,0,,0,,,,,,,,,,,,,,,,,,,,,,,
Fresno,San Joaquin,"4,043",0,,,,,,,,,0,,0,,,,,,,,,,,,,,,,,,,,,,,
Fresno,Selma,"24,782",1,0,,,2,8/7/2017,8/7/2017,1,,0,,0,,,,,,,,,,,,,,,,,,,,,,,
Glenn,Orland,"7,656",0,,,,,,,,,,,0,,,,,,,,,,,,,,,,,,,,,,,
Glenn,Willows,"6,041",1,0,2018-xx,,2,5/22/2018,5/22/2018,1,,1,,0,,,,,,,,,,,,,,,,,,,,,,,
Humboldt,Arcata,"18,000",1,1,1490,,2,6/7/2017,7/7/2017,2,,0,,1,1,4/5/2017,4/5/2017,1,,,,,,,,,,,,,,,,,,,
Humboldt,Blue Lake,"1,265",0,,,,,,,,,,,0,,,,,,,,,,,,,,,,,,,,,,,
Humboldt,Eureka,"27,177",0,,,,,,,,,,,0,,,,,,,,,,,,,,,,,,,,,,,
Humboldt,Ferndale,"1,373",0,,,,,,,,,,,0,,,,,,,,,,,,,,,,,,,,,,,
Humboldt,Fortuna,"12,191",0,,,,,,,,,1,,0,,,,,,,,,,,,,,,,,,,,,,,
Humboldt,Rio Dell,"3,408",0,,,,,,,,,,,0,,,,,,,,,,,,,,,,,,,,,,,
Humboldt,Trinidad,360,0,,,,,,,,,1,,0,,,,,,,,,,,,,,,,,,,,,,,
Imperial ,Brawley,"26,390",0,,,,,,,,,0,,0,,,,,,,,,,,,,,,,,,,,,,,
Imperial ,Calexico,"40,351",0,,,,,,,,,0,,0,,,,,,,,,,,,,,,,,,,,,,,
Imperial ,Calipatria,"7,558",0,,,,,,,,,0,,0,,,,,,,,,,,,,,,,,,,,,,,
Imperial ,El Centro,"44,364",0,,,,,,,,,,,0,,,,,,,,,,,,,,,,,,,,,,,
Imperial ,Holtville,"6,597",0,,,,,,,,,,,0,,,,,,,,,,,,,,,,,,,,,,,
Imperial ,Imperial,"17,550",1,0,2018-50,,2,9/18/2018,9/18/2018,1,,1,,0,,,,,,,,,,,,,,,,,,,,,,,
Imperial ,Westmorland,"2,284",0,,,,,,,,,,,0,,,,,,,,,,,,,,,,,,,,,,,
Inyo,Bishop,"3,760",0,,,,,,,,,,,0,,,,,,,,,,,,,,,,,,,,,,,
Kern,Arvin,"21,270",0,,,,,,,,,0,,0,,,,,,,,,,,,,,,,,,,,,,,
Kern,Bakersfield,"380,874",0,,,,,,,,,1,,0,,,,,,,,,,,,,,,,,,,,,,,
Kern,California City,"13,972",1,0,4/18/2730,,2,4/11/2018,4/11/2018,1,,0,1,0,,,,,,,,,,,,,,,,,,,,,,,
Kern,Delano,"53,138",0,,,,,,,,,,,0,,,,,,,,,,,,,,,,,,,,,,,
Kern,Maricopa,"1,197",0,,,,,,,,,,,0,,,,,,,,,,,,,,,,,,,,,,,
Kern,McFarland,"15,093",0,,,,,,,,,1,,0,,,,,,,,,,,,,,,,,,,,,,,
Kern,Ridgecrest,"28,880",1,0,,,2,5/16/2018,5/16/2018,1,,0,1,0,,,,,,,,,,,,,,,,,,,,,,,
Kern,Shafter,"19,608",0,,,,,,,,,,,0,,,,,,,,,,,,,,,,,,,,,,,
Kern,Taft,"9,425",0,,,,,,,,,0,,0,,,,,,,,,,,,,,,,,,,,,,,
Kern,Tehachapi,"12,630",1,0,32-18,,2,6/4/2018,6/4/2018,1,,0,1,0,,,,,,,,,,,,,,,,,,,,,,,
Kern,Wasco,"26,994",0,,,,,,,,,0,,0,,,,,,,,,,,,,,,,,,,,,,,
Kings,Avenal,"12,440",0,,,,,,,,,,,0,,,,,,,,,,,,,,,,,,,,,,,
Kings,Corcoran,"21,835",0,,,,,,,,,,,0,,,,,,,,,,,,,,,,,,,,,,,
Kings,Hanford,"56,499",1,0,18-19-R,,2,5/18/2018,5/18/2018,1,,0,0,0,,,,,,,,,,,,,,,,,,,,,,,
Kings,Lemoore,"26,355",0,,,,,,,,,0,,0,,,,,,,,,,,,,,,,,,,,,,,
Lake,Clearlake,"15,066",0,,,,,,,,,0,,0,,,,,,,,,,,,,,,,,,,,,,,
Lake,Lakeport,"4,762",0,,,,,,,,,,,0,,,,,,,,,,,,,,,,,,,,,,,
Lassen,Susanville,"15,326",0,,,,,,,,,,,0,,,,,,,,,,,,,,,,,,,,,,,
Los Angeles,Agoura Hills,"20,692",0,,,,,,,,,0,,0,,,,,,,,,,,,,,,,,,,,,,,
Los Angeles,Alhambra,"85,396",0,,,,,,,,,,,0,,,,,,,,,,,,,,,,,,,,,,,
Los Angeles,Arcadia,"58,799",0,,,,,,,,,,,0,,,,,,,,,,,,,,,,,,,,,,,
Los Angeles,Artesia,"16,904",0,,,,,,,,,0,,0,,,,,,,,,,,,,,,,,,,,,,,
Los Angeles,Avalon,"3,764",0,,,,,,,,,0,,0,,,,,,,,,,,,,,,,,,,,,,,
Los Angeles,Azusa,"49,864",0,,,,,,,,,0,,0,,,,,,,,,,,,,,,,,,,,,,,
Los Angeles,Baldwin Park,"76,402",1,1,2017-171,,2,2/15/2017,2/15/2017,1,,0,,0,,,,,,,,,,,,,,,,,,,,,,,
Los Angeles,Bell,"35,811",0,,,,,,,,,,,0,,,,,,,,,,,,,,,,,,,,,,,
Los Angeles,Bellflower,"77,772",0,,,,,,,,,0,,0,,,,,,,,,,,,,,,,,,,,,,,
Los Angeles,Bell Gardens,"42,747",0,,,,,,,,,0,,0,,,,,,,,,,,,,,,,,,,,,,,
Los Angeles,Beverly Hills,"34,484",0,,,,,,,,,0,,0,,,,,,,,,,,,,,,,,,,,,,,
Los Angeles,Bradbury,"1,093",0,,,,,,,,,0,,0,,,,,,,,,,,,,,,,,,,,,,,
Los Angeles,Burbank,"104,834",0,,,,,,,,,,,0,,,,,,,,,,,,,,,,,,,,,,,
Los Angeles,Calabasas,"24,202",0,,,,,,,,,0,,0,,,,,,,,,,,,,,,,,,,,,,,
Los Angeles,Carson,"92,735",0,,,,,,,,,,,0,,,,,,,,,,,,,,,,,,,,,,,
Los Angeles,Cerritos,"51,020",0,,,,,,,,,0,,0,,,,,,,,,,,,,,,,,,,,,,,
Los Angeles,Claremont,"36,015",1,1,2017-06,,2,1/24/2017,1/24/2017,1,,0,,0,,,,,,,,,,,,,,,,,,,,,,,
Los Angeles,Commerce,"12,947",0,,,,,,,,,,,0,,,,,,,,,,,,,,,,,,,,,,,
Los Angeles,Compton,"97,612",0,,,,,,,,,,,0,,,,,,,,,,,,,,,,,,,,,,,
Los Angeles,Covina,"48,462",0,,,,,,,,,0,,0,,,,,,,,,,,,,,,,,,,,,,,
Los Angeles,Cudahy,"24,076",1,1,15-01,,2,1/6/2015,1/6/2015,1,,0,,0,,,,,,,,,,,,,,,,,,,,,,,
Los Angeles,Culver City,"39,283",1,1,2017-R025,,2,3/27/2017,3/27/2017,1,,0,,0,,,,,,,,,,,,,,,,,,,,,,,
Los Angeles,Diamond Bar,"56,665",0,,,,,,,,,0,,0,,,,,,,,,,,,,,,,,,,,,,,
Los Angeles,Downey,"113,092",0,,,,,,,,,,,0,,,,,,,,,,,,,,,,,,,,,,,
Los Angeles,Duarte,"21,757",0,,,,,,,,,,,0,,,,,,,,,,,,,,,,,,,,,,,
Los Angeles,El Monte,"116,109",0,,,,,,,,,0,,0,,,,,,,,,,,,,,,,,,,,,,,
Los Angeles,El Segundo,"16,853",0,,,,,,,,,0,,0,,,,,,,,,,,,,,,,,,,,,,,
Los Angeles,Gardena,"60,224",0,,,,,,,,,,,0,,,,,,,,,,,,,,,,,,,,,,,
Los Angeles,Glendale,"203,054",1,1,17-32,,2,3/28/2017,3/28/2017,1,,0,,0,,,,,,,,,,,,,,,,,,,,,,,
Los Angeles,Glendora,"52,445",0,,,,,,,,,0,1,0,,,,,,,,,,,,,,,,,,,,,,,
Los Angeles,Hawaiian Gardens,"14,450",0,,,,,,,,,0,,0,,,,,,,,,,,,,,,,,,,,,,,
Los Angeles,Hawthorne,"87,854",0,,,,,,,,,0,,0,,,,,,,,,,,,,,,,,,,,,,,
Los Angeles,Hermosa Beach,"19,708",0,,,,,,,,,0,,0,,,,,,,,,,,,,,,,,,,,,,,
Los Angeles,Hidden Hills,"1,921",0,,,,,,,,,0,,0,,,,,,,,,,,,,,,,,,,,,,,
Los Angeles,Huntington Park,"58,822",0,,,,,,,,,,1,0,,,,,,,,,,,,,,,,,,,,,,,
Los Angeles,Industry,204,0,,,,,,,,,0,,0,,,,,,,,,,,,,,,,,,,,,,,
Los Angeles,Inglewood,"110,598",0,,,,,,,,,0,0,0,,,,,,,,,,,,,,,,,,,,,,,
Los Angeles,Irwindale,"1,461",0,,,,,,,,,0,0,0,,,,,,,,,,,,,,,,,,,,,,,
Los Angeles,La Canada Flintridge,"20,413",0,,,,,,,,,0,,0,,,,,,,,,,,,,,,,,,,,,,,
Los Angeles,La Habra Heights,"5,403",0,,,,,,,,,0,,0,,,,,,,,,,,,,,,,,,,,,,,
Los Angeles,Lakewood,"80,967",0,,,,,,,,,0,,0,,,,,,,,,,,,,,,,,,,,,,,
Los Angeles,La Mirada,"49,095",0,,,,,,,,,0,,0,,,,,,,,,,,,,,,,,,,,,,,
Los Angeles,Lancaster,"160,316",1,0,10-54,,1,2010,2010,1,,,,0,,,,,,,,,,,,,,,,,,,,,,,
Los Angeles,La Puente,"40,322",1,1,17-5319,,2,1/10/2017,1/10/2017,1,,0,,0,,,,,,,,,,,,,,,,,,,,,,,
Los Angeles,La Verne,"32,461",0,,,,,,,,,,,0,,,,,,,,,,,,,,,,,,,,,,,
Los Angeles,Lawndale,"33,078",0,,,,,,,,,,,0,,,,,,,,,,,,,,,,,,,,,,,
Los Angeles,Lomita,"20,707",0,,,,,,,,,,,0,,,,,,,,,,,,,,,,,,,,,,,
Los Angeles,Long Beach,"469,450",1,1,18-0032,,2,3/13/2018,3/13/2018,1,,0,,0,,,,,,,,,,,,,,,,,,,,,,,
Los Angeles,Los Angeles,"3,999,759",1,1,,,2,9/8/2017,9/8/2017,1,,0,,0,,,,,,,,,,,,,,,,,,,,,,,
Los Angeles,Lynwood,"71,099",0,,,,,,,,,,,0,,,,,,,,,,,,,,,,,,,,,,,
Los Angeles,Malibu,"12,877",1,1,17-08,,2,3/13/2017,3/13/2017,1,,0,,0,,,,,,,,,,,,,,,,,,,,,,,
Los Angeles,Manhattan Beach,"35,924",0,,,,,,,,,0,,0,,,,,,,,,,,,,,,,,,,,,,,
Los Angeles,Maywood,"27,586",1,1,TBD,,2,2006,,1,,0,,0,,,,,,,,,,,,,,,,,,,,,,,
Los Angeles,Monrovia,"37,061",0,,,,,,,,,0,,0,,,,,,,,,,,,,,,,,,,,,,,
Los Angeles,Montebello,"63,192",0,,,,,,,,,0,,0,,,,,,,,,,,,,,,,,,,,,,,
Los Angeles,Monterey Park,"61,044",1,1,,,2,2/15/2017,2/15/2017,1,,0,,0,,,,,,,,,,,,,,,,,,,,,,,
Los Angeles,Norwalk,"106,084",0,,,,,,,,,,,0,,,,,,,,,,,,,,,,,,,,,,,
Los Angeles,Palmdale,"157,519",0,,,,,,,,,0,,0,,,,,,,,,,,,,,,,,,,,,,,
Los Angeles,Palos Verdes Estates,"13,544",0,,,,,,,,,,,0,,,,,,,,,,,,,,,,,,,,,,,
Los Angeles,Paramount,"54,909",0,,,,,,,,,,,0,,,,,,,,,,,,,,,,,,,,,,,
Los Angeles,Pasadena,"142,647",1,1,,,2,3/27/2017,3/27/2017,1,,0,,1,1,,,,,,,,,,,,,,,,,,,,,,
Los Angeles,Pico Rivera,"63,522",0,,,,,,,,,0,,0,,,,,,,,,,,,,,,,,,,,,,,
Los Angeles,Pomona,"152,939",1,1,2017-4244,,2,12/18/2017,1/18/2018,2,,0,,1,1,12/5/2016,12/5/2016,1,,,,,,,,,,,,,,,,,,,
Los Angeles,Rancho Palos Verdes,"42,364",0,,,,,,,,,,,0,,,,,,,,,,,,,,,,,,,,,,,
Los Angeles,Redondo Beach,"67,908",0,,,,,,,,,,,0,,,,,,,,,,,,,,,,,,,,,,,
Los Angeles,Rolling Hills,"1,882",0,,,,,,,,,,,0,,,,,,,,,,,,,,,,,,,,,,,
Los Angeles,Rolling Hills Estates,"8,226",0,,,,,,,,,,,0,,,,,,,,,,,,,,,,,,,,,,,
Los Angeles,Rosemead,"54,554",0,,,,,,,,,,,0,,,,,,,,,,,,,,,,,,,,,,,
Los Angeles,San Dimas,"34,326",0,,,,,,,,,0,,0,,,,,,,,,,,,,,,,,,,,,,,
Los Angeles,San Fernando,"24,714",0,,,,,,,,,,,0,,,,,,,,,,,,,,,,,,,,,,,
Los Angeles,San Gabriel,"40,514",1,1,18-15,,2,4/3/2018,4/3/2018,1,,0,,0,,,,,,,,,,,,,,,,,,,,,,,
Los Angeles,San Marino,"13,327",0,,,,,,,,,,,0,,,,,,,,,,,,,,,,,,,,,,,
Los Angeles,Santa Clarita,"210,888",1,0,18-18,,2,5/8/2018,5/8/2018,1,,0,1,0,,,,,,,,,,,,,,,,,,,,,,,
Los Angeles,Santa Fe Springs,"17,980",0,,,,,,,,,0,,0,,,,,,,,,,,,,,,,,,,,,,,
Los Angeles,Santa Monica,"92,306",1,1,11028,,2,2/28/2017,2/28/2017,1,,0,,0,,,,,,,,,,,,,,,,,,,,,,,
Los Angeles,Sierra Madre,"11,038",0,,,,,,,,,1,,0,,,,,,,,,,,,,,,,,,,,,,,
Los Angeles,Signal Hill,"11,622",0,,,,,,,,,1,,0,,,,,,,,,,,,,,,,,,,,,,,
Los Angeles,South El Monte,"20,987",0,,,,,,,,,,,0,,,,,,,,,,,,,,,,,,,,,,,
Los Angeles,South Gate,"95,430",0,,,,,,,,,,,0,,,,,,,,,,,,,,,,,,,,,,,
Los Angeles,South Pasadena,"25,888",1,1,2319,,2,10/4/2017,10/4/2017,2,,0,,1,1,12/21/2016,12/21/2016,1,,,,,,,,,,,,,,,,,,,
Los Angeles,Temple City,"36,367",0,,,,,,,,,,,0,,,,,,,,,,,,,,,,,,,,,,,
Los Angeles,Torrance,"146,758",0,,,,,,,,,0,,0,,,,,,,,,,,,,,,,,,,,,,,
Los Angeles,Vernon,113,0,,,,,,,,,,,0,,,,,,,,,,,,,,,,,,,,,,,
Los Angeles,Walnut,"30,199",0,,,,,,,,,,,0,,,,,,,,,,,,,,,,,,,,,,,
Los Angeles,West Covina,"107,598",0,,,,,,,,,,,0,,,,,,,,,,,,,,,,,,,,,,,
Los Angeles,West Hollywood,"37,080",1,1,85-0129,,2,11/21/1985,11/21/1985,1,,0,,0,,,,,,,,,,,,,,,,,,,,,,,
Los Angeles,Westlake Village,"8,440",0,,,,,,,,,0,,0,,,,,,,,,,,,,,,,,,,,,,,
Los Angeles,Whittier,"86,838",0,,,,,,,,,1,,0,,,,,,,,,,,,,,,,,,,,,,,
Madera,Chowchilla,"18,558",0,,,,,,,,,1,,0,,,,,,,,,,,,,,,,,,,,,,,
Madera,Madera,"65,508",0,,,,,,,,,0,,0,,,,,,,,,,,,,,,,,,,,,,,
Marin,Belvedere,"2,126",0,,,,,,,,,0,,0,,,,,,,,,,,,,,,,,,,,,,,
Marin,Corte Madera,"9,864",0,,,,,,,,,1,,0,,,,,,,,,,,,,,,,,,,,,,,
Marin,Fairfax,"7,598",0,,,,,,,,,,,0,,,,,,,,,,,,,,,,,,,,,,,
Marin,Larkspur,"12,396",0,,,,,,,,,,,0,,,,,,,,,,,,,,,,,,,,,,,
Marin,Mill Valley,"14,355",1,1,17-20,,2,4/17/2017,4/17/2017,1,,0,,0,,,,,,,,,,,,,,,,,,,,,,,
Marin,Novato,"55,980",0,,,,,,,,,,,0,,,,,,,,,,,,,,,,,,,,,,,
Marin,Ross,"2,480",0,,,,,,,,,,,0,,,,,,,,,,,,,,,,,,,,,,,
Marin,San Anselmo,"12,580",0,,,,,,,,,0,,0,,,,,,,,,,,,,,,,,,,,,,,
Marin,San Rafael,"59,070",1,1,,,2,8/21/2017,8/21/2017,3,Advisory Letter,0,,0,,,,,,,,,,,,,,,,,,,,,,,
Marin,Sausalito,"7,141",0,,,,,,,,,,,0,,,,,,,,,,,,,,,,,,,,,,,
Marin,Tiburon,"9,165",0,,,,,,,,,,,0,,,,,,,,,,,,,,,,,,,,,,,
Mendocino,Fort Bragg,"7,312",0,,,,,,,,,,,0,,,,,,,,,,,,,,,,,,,,,,,
Mendocino,Point Arena,453,0,,,,,,,,,1,,0,,,,,,,,,,,,,,,,,,,,,,,
Mendocino,Ukiah,"16,036",0,,,,,,,,,1,,0,,,,,,,,,,,,,,,,,,,,,,,
Mendocino,Willits,"4,875",0,,,,,,,,,,,0,,,,,,,,,,,,,,,,,,,,,,,
Merced,Atwater,"29,397",0,,,,,,,,,1,,0,,,,,,,,,,,,,,,,,,,,,,,
Merced,Dos Palos,"5,445",0,,,,,,,,,,,0,,,,,,,,,,,,,,,,,,,,,,,
Merced,Gustine,"5,844",0,,,,,,,,,,,0,,,,,,,,,,,,,,,,,,,,,,,
Merced,Livingston,"14,140",1,1,,,2,5/16/2017,5/16/2017,1,,0,,0,,,,,,,,,,,,,,,,,,,,,,,
Merced,Los Banos,"39,183",0,,,,,,,,,0,,0,,,,,,,,,,,,,,,,,,,,,,,
Merced,Merced,"83,081",0,,,,,,,,,0,,0,,,,,,,,,,,,,,,,,,,,,,,
Modoc,Alturas,"2,540",0,,,,,,,,,1,,0,,,,,,,,,,,,,,,,,,,,,,,
Mono,Mammoth Lakes,"8,132",0,,,,,,,,,1,,0,,,,,,,,,,,,,,,,,,,,,,,
Monterey,Carmel-by-the-Sea,"3,897",0,,,,,,,,,1,,0,,,,,,,,,,,,,,,,,,,,,,,
Monterey,Del Rey Oaks,"1,687",0,,,,,,,,,,,0,,,,,,,,,,,,,,,,,,,,,,,
Monterey,Gonzales,"8,479",0,,,,,,,,,,,0,,,,,,,,,,,,,,,,,,,,,,,
Monterey,Greenfield,"17,517",1,0,2016-23,,2,4/12/2016,4/12/2016,1,,0,,1,1,5/1/2001,5/1/2001,1,,,,,,,,,,,,,,,,,,,
Monterey,King City,"14,055",0,,,,,,,,,0,,0,,,,,,,,,,,,,,,,,,,,,,,
Monterey,Marina,"22,145",0,,,,,,,,,0,,0,,,,,,,,,,,,,,,,,,,,,,,
Monterey,Monterey,"28,639",0,,,,,,,,,,,0,,,,,,,,,,,,,,,,,,,,,,,
Monterey,Pacific Grove,"15,698",0,,,,,,,,,,,0,,,,,,,,,,,,,,,,,,,,,,,
Monterey,Salinas,"157,596",1,1,,,2,7/20/2017,,,,0,,0,,,,,,,,,,,,,,,,,,,,,,,
Monterey,Sand City,387,0,,,,,,,,,,,0,,,,,,,,,,,,,,,,,,,,,,,
Monterey,Seaside,"34,150",1,1,17-25,,2,3/29/2017,,,,0,,0,,,,,,,,,,,,,,,,,,,,,,,
Monterey,Soledad,"26,273",1,1,5278,,2,3/21/2017,3/21/2017,1,,0,,0,,,,,,,,,,,,,,,,,,,,,,,
Napa,American Canyon,"20,247",0,,,,,,,,,,,0,,,,,,,,,,,,,,,,,,,,,,,
Napa,Calistoga,"5,273",0,,,,,,,,,,,0,,,,,,,,,,,,,,,,,,,,,,,
Napa,Napa,"79,774",0,,,,,,,,,0,,0,,,,,,,,,,,,,,,,,,,,,,,
Napa,St. Helena,"6,196",0,,,,,,,,,,,0,,,,,,,,,,,,,,,,,,,,,,,
Napa,Yountville,"2,924",0,,,,,,,,,,,0,,,,,,,,,,,,,,,,,,,,,,,
Nevada,Grass Valley,"12,987",0,,,,,,,,,,,0,,,,,,,,,,,,,,,,,,,,,,,
Nevada,Nevada City,"3,136",0,,,,,,,,,0,,0,,,,,,,,,,,,,,,,,,,,,,,
Nevada,Truckee,"16,553",0,,,,,,,,,1,,0,,,,,,,,,,,,,,,,,,,,,,,
Orange,Aliso Viejo,"51,671",1,0,2018-10,,2,4/4/2018,4/4/2018,1,,0,1,0,,,,,,,,,,,,,,,,,,,,,,,
Orange,Anaheim,"352,497",1,1,2017-158,,2,10/24/2017,10/24/2017,1,,0,0,0,,,,,,,,,,,,,,,,,,,,,,,
Orange,Brea,"42,777",0,,,,,,,,,1,,0,,,,,,,,,,,,,,,,,,,,,,,
Orange,Buena Park,"83,015",0,,,,,,,,,0,,0,,,,,,,,,,,,,,,,,,,,,,,
Orange,Costa Mesa,"113,825",1,0,18-30,,2,5/1/2018,5/1/2018,1,,0,,1,0,5/18/2010,5/18/2010,1,,,,,,,,,,,,,,,,,,,
Orange,Cypress,"49,064",0,,,,,,,,,0,,0,,,,,,,,,,,,,,,,,,,,,,,
Orange,Dana Point,"33,934",1,0,18-04-17-01,,2,4/17/2018,4/17/2018,1,,0,1,0,,,,,,,,,,,,,,,,,,,,,,,
Orange,Fountain Valley,"56,313",0,,,,,,,,,0,1,0,,,,,,,,,,,,,,,,,,,,,,,
Orange,Fullerton,"140,392",0,,,,,,,,,0,,0,,,,,,,,,,,,,,,,,,,,,,,
Orange,Garden Grove,"174,226",1,1,9409-17,,2,1/24/2017,1/24/2017,1,,0,0,0,,,,,,,,,,,,,,,,,,,,,,,
Orange,Huntington Beach,"201,874",1,0,,,2,5/7/2017,,3,Amicus Brief ,0,1,0,,,,,,,,,,,,,,,,,,,,,,,
Orange,Irvine,"277,453",0,,,,,,,,,0,,0,,,,,,,,,,,,,,,,,,,,,,,
Orange,Laguna Beach,"23,147",0,,,,,,,,,1,,0,,,,,,,,,,,,,,,,,,,,,,,
Orange,Laguna Hills,"31,318",0,,,,,,,,,1,,0,,,,,,,,,,,,,,,,,,,,,,,
Orange,Laguna Niguel,"66,334",1,0,2010-1014,,2,8/17/2010,8/17/2010,1,,0,0,0,,,,,,,,,,,,,,,,,,,,,,,
Orange,Laguna Woods,"16,200",0,,,,,,,,,1,,0,,,,,,,,,,,,,,,,,,,,,,,
Orange,La Habra,"62,466",0,,,,,,,,,,,0,,,,,,,,,,,,,,,,,,,,,,,
Orange,Lake Forest,"84,293",1,0,2018-12,,2,4/17/2018,4/17/2018,1,,0,1,0,,,,,,,,,,,,,,,,,,,,,,,
Orange,La Palma,"15,722",0,,,,,,,,,,,0,,,,,,,,,,,,,,,,,,,,,,,
Orange,Los Alamitos,"11,603",1,0,2019-03,,2,4/16/2018,5/16/2018,2,,0,,0,,,,,,,,,,,,,,,,,,,,,,,
Orange,Mission Viejo,"96,016",1,0,18-15,,2,3/27/2018,3/27/2018,1,,0,1,0,,,,,,,,,,,,,,,,,,,,,,,
Orange,Newport Beach,"86,160",1,0,2018-23,,2,4/10/2018,4/10/2018,1,,0,,0,,,,,,,,,,,,,,,,,,,,,,,
Orange,Orange,"140,560",1,0,11074,,2,4/10/2018,4/10/2018,1,,0,,0,,,,,,,,,,,,,,,,,,,,,,,
Orange,Placentia,"52,157",0,,,,,,,,,,,0,,,,,,,,,,,,,,,,,,,,,,,
Orange,Rancho Santa Margarita,"48,793",0,,,,,,,,,,,0,,,,,,,,,,,,,,,,,,,,,,,
Orange,San Clemente,"65,267",0,,,,,,,,,,,0,,,,,,,,,,,,,,,,,,,,,,,
Orange,San Juan Capistrano,"36,064",1,0,18-04-03-04,,2,4/3/2018,4/3/2018,1,,0,0,0,,,,,,,,,,,,,,,,,,,,,,,
Orange,Santa Ana,"334,136",1,1,NS-2908,,2,1/17/2017,2/17/2017,2,,0,,0,,,,,,,,,,,,,,,,,,,,,,,
Orange,Seal Beach,"24,326",0,,,,,,,,,,,0,,,,,,,,,,,,,,,,,,,,,,,
Orange,Stanton,"38,528",0,,,,,,,,,,,0,,,,,,,,,,,,,,,,,,,,,,,
Orange,Tustin,"80,498",1,0,,,2,3/22/2017,,3,Opposition Letter,0,,0,,,,,,,,,,,,,,,,,,,,,,,
Orange,Villa Park,"5,895",1,0,2018-611,,2,4/24/2018,5/24/2018,2,,0,1,1,0,4/24/2018,,,,,,,,,,,,,,,,,,,,,
Orange,Westminster,"91,564",0,,,,,,,,,,,0,,,,,,,,,,,,,,,,,,,,,,,
Orange,Yorba Linda,"68,229",0,,,,,,,,,0,1,0,,,,,,,,,,,,,,,,,,,,,,,
Placer,Auburn,"13,997",0,,,,,,,,,,,0,,,,,,,,,,,,,,,,,,,,,,,
Placer,Colfax,"2,005",0,,,,,,,,,,,0,,,,,,,,,,,,,,,,,,,,,,,
Placer,Lincoln,"47,674",1,0,,,,2/29/2017,2/29/2017,3,Opposition Letter,1,,0,,,,,,,,,,,,,,,,,,,,,,,
Placer,Loomis,"6,809",0,,,,,,,,,,,0,,,,,,,,,,,,,,,,,,,,,,,
Placer,Rocklin,"64,838",0,,,,,,,,,,,0,,,,,,,,,,,,,,,,,,,,,,,
Placer,Roseville,"135,329",0,,,,,,,,,,,0,,,,,,,,,,,,,,,,,,,,,,,
Plumas,Portola,"1,930",0,,,,,,,,,0,,0,,,,,,,,,,,,,,,,,,,,,,,
Riverside,Banning,"31,230",0,,,,,,,,,1,,0,,,,,,,,,,,,,,,,,,,,,,,
Riverside,Beaumont,"46,967",1,0,,,2,5/1/2018,5/1/2018,1,,,,0,,,,,,,,,,,,,,,,,,,,,,,
Riverside,Blythe,"19,630",0,,,,,,,,,1,,0,,,,,,,,,,,,,,,,,,,,,,,
Riverside,Calimesa,"8,817",0,,,,,,,,,,,0,,,,,,,,,,,,,,,,,,,,,,,
Riverside,Canyon Lake,"11,223",0,,,,,,,,,,,0,,,,,,,,,,,,,,,,,,,,,,,
Riverside,Cathedral City,"54,596",1,1,2017-19,,2,5/24/2017,5/24/2017,1,,0,0,0,,,,,,,,,,,,,,,,,,,,,,,
Riverside,Coachella,"45,443",1,1,2017-52,,2,8/23/2017,8/23/2017,1,,0,,0,,,,,,,,,,,,,,,,,,,,,,,
Riverside,Corona,"167,836",1,0,2019-029,,2,5/16/2018,5/16/2018,1,,0,,0,,,,,,,,,,,,,,,,,,,,,,,
Riverside,Desert Hot Springs,"28,757",0,,,,,,,,,,,0,,,,,,,,,,,,,,,,,,,,,,,
Riverside,Eastvale,"63,211",0,,,,,,,,,1,,0,,,,,,,,,,,,,,,,,,,,,,,
Riverside,Hemet,"85,160",1,0,18-035,,2,5/29/2018,5/29/2018,1,,0,1,0,,,,,,,,,,,,,,,,,,,,,,,
Riverside,Indian Wells,"5,404",0,,,,,,,,,1,,0,,,,,,,,,,,,,,,,,,,,,,,
Riverside,Indio,"89,793",0,,,,,,,,,0,,0,,,,,,,,,,,,,,,,,,,,,,,
Riverside,Jurupa Valley,"106,028",0,,,,,,,,,0,,0,,,,,,,,,,,,,,,,,,,,,,,
Riverside,Lake Elsinore,"66,411",1,0,2018-065,,2,4/24/2018,4/24/2018,1,,0,0,0,,,,,,,,,,,,,,,,,,,,,,,
Riverside,La Quinta,"41,304",0,,,,,,,,,,,0,,,,,,,,,,,,,,,,,,,,,,,
Riverside,Menifee,"90,595",0,,,,,,,,,,,0,,,,,,,,,,,,,,,,,,,,,,,
Riverside,Moreno Valley,"207,226",0,,,,,,,,,0,,0,,,,,,,,,,,,,,,,,,,,,,,
Riverside,Murrieta,"113,326",1,0,18-3967,,2,8/7/2018,8/7/2018,1,,0,0,0,,,,,,,,,,,,,,,,,,,,,,,
Riverside,Norco,"26,761",0,,,,,,,,,0,,0,,,,,,,,,,,,,,,,,,,,,,,
Riverside,Palm Desert,"52,932",0,,,,,,,,,0,,0,,,,,,,,,,,,,,,,,,,,,,,
Riverside,Palm Springs,"48,142",1,1,,,,5/16/2018,5/16/2018,3,Amicus Brief,1,,0,,,,,,,,,,,,,,,,,,,,,,,
Riverside,Perris,"77,879",0,,,119,,,,,,0,,0,,,,,,,,,,,,,,,,,,,,,,,
Riverside,Rancho Mirage,"18,306",0,,,,,,,,,1,,0,,,,,,,,,,,,,,,,,,,,,,,
Riverside,Riverside,"327,728",0,,,,,,,,,0,,0,,,,,,,,,,,,,,,,,,,,,,,
Riverside,San Jacinto,"48,254",1,0,3706,,2,5/1/2018,5/1/2018,,,1,1,0,,,,,,,,,,,,,,,,,,,,,,,
Riverside,Temecula,"114,327",1,0,18-49,,2,6/26/2018,6/26/2018,1,,0,0,0,,,,,,,,,,,,,,,,,,,,,,,
Riverside,Wildomar,"36,932",1,0,,,,4/11/2018,,3,Opposition Letter,,,0,,,,,,,,,,,,,,,,,,,,,,,
Sacramento,Citrus Heights,"87,931",0,,,,,,,,,,,0,,,,,,,,,,,,,,,,,,,,,,,
Sacramento,Elk Grove,"171,844",0,,,,,,,,,,,0,,,,,,,,,,,,,,,,,,,,,,,
Sacramento,Folsom,"78,038",0,,,,,,,,,0,,0,,,,,,,,,,,,,,,,,,,,,,,
Sacramento,Galt,"26,172",0,,,,,,,,,0,,0,,,,,,,,,,,,,,,,,,,,,,,
Sacramento,Isleton,845,0,,,,,,,,,0,,0,,,,,,,,,,,,,,,,,,,,,,,
Sacramento,Rancho Cordova,"73,563",0,,,,,,,,,1,,0,,,,,,,,,,,,,,,,,,,,,,,
Sacramento,Sacramento,"501,901",1,1,2017-0158,,2,5/4/2017,5/4/2017,1,,0,,1,1,12/17/1985,12/17/1985,1,,,,,,,,,,,,,,,,,,,
San Benito,Hollister,"38,404",0,,,,,,,,,1,,0,,,,,,,,,,,,,,,,,,,,,,,
San Benito,San Juan Bautista,"1,976",0,,,,,,,,,,,0,,,,,,,,,,,,,,,,,,,,,,,
San Bernardino,Adelanto,"34,066",0,,,,,,,,,,,0,,,,,,,,,,,,,,,,,,,,,,,
San Bernardino,Apple Valley,"73,077",1,0,2018-19,,2,5/22/2018,5/22/2018,1,,0,0,0,,,,,,,,,,,,,,,,,,,,,,,
San Bernardino,Barstow,"23,916",0,,,,,,,,,0,1,0,,,,,,,,,,,,,,,,,,,,,,,
San Bernardino,Big Bear Lake,"5,262",0,,,,,,,,,1,,0,,,,,,,,,,,,,,,,,,,,,,,
San Bernardino,Chino,"89,797",0,,,,,,,,,0,,0,,,,,,,,,,,,,,,,,,,,,,,
San Bernardino,Chino Hills,"80,374",0,,,,,,,,,0,,0,,,,,,,,,,,,,,,,,,,,,,,
San Bernardino,Colton,"54,828",0,,,,,,,,,0,,0,,,,,,,,,,,,,,,,,,,,,,,
San Bernardino,Fontana,"211,815",0,,,,,,,,,0,,0,,,,,,,,,,,,,,,,,,,,,,,
San Bernardino,Grand Terrace,"12,595",0,,,,,,,,,0,,0,,,,,,,,,,,,,,,,,,,,,,,
San Bernardino,Hesperia,"94,859",0,,,,,,,,,0,1,0,,,,,,,,,,,,,,,,,,,,,,,
San Bernardino,Highland,"55,342",1,0,,,,5/8/2018,,3,Opposition Letter,0,0,0,,,,,,,,,,,,,,,,,,,,,,,
San Bernardino,Loma Linda,"24,196",0,,,,,,,,,,,0,,,,,,,,,,,,,,,,,,,,,,,
San Bernardino,Montclair,"39,276",0,,,,,,,,,1,,0,,,,,,,,,,,,,,,,,,,,,,,
San Bernardino,Needles,"5,007",0,,,,,,,,,1,,0,,,,,,,,,,,,,,,,,,,,,,,
San Bernardino,Ontario,"175,841",0,,,,,,,,,0,,0,,,,,,,,,,,,,,,,,,,,,,,
San Bernardino,Rancho Cucamonga,"177,452",0,,,,,,,,,0,,0,,,,,,,,,,,,,,,,,,,,,,,
San Bernardino,Redlands,"71,554",0,,,,,,,,,0,,0,,,,,,,,,,,,,,,,,,,,,,,
San Bernardino,Rialto,"103,562",0,,,,,,,,,0,,0,,,,,,,,,,,,,,,,,,,,,,,
San Bernardino,San Bernardino,"216,995",0,,,,,,,,,0,,0,,,,,,,,,,,,,,,,,,,,,,,
San Bernardino,Twentynine Palms,"26,542",1,0,,,,8/28/2018,,3,Opposition Letter,0,0,0,,,,,,,,,,,,,,,,,,,,,,,
San Bernardino,Upland,"76,999",0,,,,,,,,,0,1,0,,,,,,,,,,,,,,,,,,,,,,,
San Bernardino,Victorville,"122,441",0,,,,,,,,,,,0,,,,,,,,,,,,,,,,,,,,,,,
San Bernardino,Yucaipa,"53,683",1,0,,,,4/23/2018,,3,Opposition Letter,0,1,0,,,,,,,,,,,,,,,,,,,,,,,
San Bernardino,Yucca Valley,"21,748",0,,,,,,,,,,,0,,,,,,,,,,,,,,,,,,,,,,,
San Diego,Carlsbad,"115,330",1,0,,,2,6/12/2018,6/12/2018,1,,0,1,0,,,,,,,,,,,,,,,,,,,,,,,
San Diego,Chula Vista,"270,471",1,1,2017-063,,2,4/25/2017,4/25/2017,1,,0,,0,,,,,,,,,,,,,,,,,,,,,,,
San Diego,Coronado,"24,417",0,,,,,,,,,,,0,,,,,,,,,,,,,,,,,,,,,,,
San Diego,Del Mar,"4,363",0,,,,,,,,,,,0,,,,,,,,,,,,,,,,,,,,,,,
San Diego,El Cajon,"103,894",0,,,,,,,,,,,0,,,,,,,,,,,,,,,,,,,,,,,
San Diego,Encinitas,"63,184",0,,,,,,,,,0,,0,,,,,,,,,,,,,,,,,,,,,,,
San Diego,Escondido,"151,969",1,0,2018-52,,2,4/4/2018,4/4/2018,1,,0,1,0,,,,,,,,,,,,,,,,,,,,,,,
San Diego,Imperial Beach,"27,418",0,,,,,,,,,,,1,1,8/17/2016,8/17/2016,3,Proclamation,,,,,,,,,,,,,,,,,,
San Diego,La Mesa,"60,021",0,,,,,,,,,0,,0,,,,,,,,,,,,,,,,,,,,,,,
San Diego,Lemon Grove,"27,108",0,,,,,,,,,,,0,,,,,,,,,,,,,,,,,,,,,,,
San Diego,National City,"61,363",1,1,2017-16,,2,2/7/2017,2/7/2017,1,,0,0,0,,,,,,,,,,,,,,,,,,,,,,,
San Diego,Oceanside,"176,193",0,,,,,,,,,,,0,,,,,,,,,,,,,,,,,,,,,,,
San Diego,Poway,"50,041",0,,,,,,,,,1,,0,,,,,,,,,,,,,,,,,,,,,,,
San Diego,San Diego,"1,419,516",0,,,,,,,,,0,1,0,,,,,,,,,,,,,,,,,,,,,,,
San Diego,San Marcos,"96,198",0,,,,,,,,,0,,0,,,,,,,,,,,,,,,,,,,,,,,
San Diego,Santee,"58,113",0,,,,,,,,,1,0,0,,,,,,,,,,,,,,,,,,,,,,,
San Diego,Solana Beach,"13,444",1,1,2016-084,,2,7/13/2016,7/13/2016,1,,0,0,0,,,,,,,,,,,,,,,,,,,,,,,
San Diego,Vista,"101,568",1,0,,,2,6/26/2018,,3,Amicus,0,1,0,,,,,,,,,,,,,,,,,,,,,,,
San Francisco,San Francisco,"884,363",1,1,96-16,,2,5/24/2016,6/24/2016,2,,1,,1,1,10/24/1989,11/24/1989,2,,,,,,,,,,,,,,,,,,,
San Joaquin,Escalon,"7,588",1,0,32-18,,2,5/21/2018,5/21/2018,1,,0,0,0,,,,,,,,,,,,,,,,,,,,,,,
San Joaquin,Lathrop,"22,781",0,,,,,,,,,,,0,,,,,,,,,,,,,,,,,,,,,,,
San Joaquin,Lodi,"65,884",0,,,,,,,,,,,0,,,,,,,,,,,,,,,,,,,,,,,
San Joaquin,Manteca,"79,268",0,,,,,,,,,0,,0,,,,,,,,,,,,,,,,,,,,,,,
San Joaquin,Ripon,"15,677",1,0,18-32,,2,4/10/2018,4/10/2018,1,,0,1,0,,,,,,,,,,,,,,,,,,,,,,,
San Joaquin,Stockton,"310,496",1,1,1503,,2,2/21/2017,2/21/2017,1,,0,0,0,,,,,,,,,,,,,,,,,,,,,,,
San Joaquin,Tracy,"90,889",0,,,,,,,,,,,0,,,,,,,,,,,,,,,,,,,,,,,
San Luis Obispo,Arroyo Grande,"18,123",0,,,,,,,,,0,,0,,,,,,,,,,,,,,,,,,,,,,,
San Luis Obispo,Atascadero,"30,418",0,,,,,,,,,0,,0,,,,,,,,,,,,,,,,,,,,,,,
San Luis Obispo,Paso Robles,"31,918",0,,,,,,,,,0,,0,,,,,,,,,,,,,,,,,,,,,,,
San Luis Obispo,Grover Beach,"13,628",0,,,,,,,,,,,0,,,,,,,,,,,,,,,,,,,,,,,
San Luis Obispo,Morro Bay,"10,635",0,,,,,,,,,,,0,,,,,,,,,,,,,,,,,,,,,,,
San Luis Obispo,Pismo Beach,"8,237",0,,,,,,,,,0,,0,,,,,,,,,,,,,,,,,,,,,,,
San Luis Obispo,San Luis Obispo,"47,541",1,1,10788,,2,4/4/2017,4/4/2017,1,,0,,0,,,,,,,,,,,,,,,,,,,,,,,
San Mateo,Atherton,"7,238",0,,,,,,,,,,,0,,,,,,,,,,,,,,,,,,,,,,,
San Mateo,Belmont,"27,140",1,1,2017-027,,2,3/28/2017,3/28/2017,1,,0,0,0,,,,,,,,,,,,,,,,,,,,,,,
San Mateo,Brisbane,"4,721",0,,,,,,,,,,,0,,,,,,,,,,,,,,,,,,,,,,,
San Mateo,Burlingame,"30,686",0,,,,,,,,,0,,0,,,,,,,,,,,,,,,,,,,,,,,
San Mateo,Colma,"1,514",0,,,,,,,,,0,,0,,,,,,,,,,,,,,,,,,,,,,,
San Mateo,Daly City,"107,074",1,1,17-30,,2,2/27/2017,2/27/2017,1,,0,0,0,,,,,,,,,,,,,,,,,,,,,,,
San Mateo,East Palo Alto,"29,765",1,1,4338,,2,10/2/2012,10/2/2012,1,,0,,1,1,7/6/2010,7/6/2010,1,,1,1,3/20/2007,3/20/2007,1,,,,,,,,,,,,,
San Mateo,Foster City,"34,412",0,,,,,,,,,,,0,,,,,,,,,,,,,,,,,,,,,,,
San Mateo,Half Moon Bay,"12,870",0,,,,,,,,,0,,0,,,,,,,,,,,,,,,,,,,,,,,
San Mateo,Hillsborough,"11,486",0,,,,,,,,,0,,0,,,,,,,,,,,,,,,,,,,,,,,
San Mateo,Menlo Park,"34,357",1,1,2.58,,2,6/20/2017,7/20/2017,2,,,,0,,,,,,,,,,,,,,,,,,,,,,,
San Mateo,Millbrae,"22,718",0,,,,,,,,,0,,0,,,,,,,,,,,,,,,,,,,,,,,
San Mateo,Pacifica,"39,087",1,1,826,,2,10/9/2017,10/9/2017,2,,0,0,0,,,,,,,,,,,,,,,,,,,,,,,
San Mateo,Portola Valley,"4,611",0,,,,,,,,,0,1,0,,,,,,,,,,,,,,,,,,,,,,,
San Mateo,Redwood City,"86,685",1,1,15561,,2,2/13/2017,2/13/2017,1,,0,0,0,,,,,,,,,,,,,,,,,,,,,,,
San Mateo,San Bruno,"43,299",0,,,,,,,,,,,0,,,,,,,,,,,,,,,,,,,,,,,
San Mateo,San Carlos,"30,499",1,1,2017-026 ,,2,3/13/2017,3/13/2017,1,,0,0,0,,,,,,,,,,,,,,,,,,,,,,,
San Mateo,San Mateo,"104,748",1,1,24(2017),,2,4/3/2017,4/3/2017,1,,0,0,0,,,,,,,,,,,,,,,,,,,,,,,
San Mateo,South San Francisco,"67,429",1,1,17-232,,2,2/22/2017,2/22/2017,1,,0,0,0,,,,,,,,,,,,,,,,,,,,,,,
San Mateo,Woodside,"5,564",0,,,,,,,,,,,0,,,,,,,,,,,,,,,,,,,,,,,
Santa Barbara,Buellton,"5,135",0,,,,,,,,,1,,0,,,,,,,,,,,,,,,,,,,,,,,
Santa Barbara,Carpinteria,"13,622",0,,,,,,,,,0,,0,,,,,,,,,,,,,,,,,,,,,,,
Santa Barbara,Goleta,"31,116",0,,,,,,,,,0,,0,,,,,,,,,,,,,,,,,,,,,,,
Santa Barbara,Guadalupe,"7,370",0,,,,,,,,,1,,0,,,,,,,,,,,,,,,,,,,,,,,
Santa Barbara,Lompoc,"43,542",0,,,,,,,,,0,,0,,,,,,,,,,,,,,,,,,,,,,,
Santa Barbara,Santa Barbara,"92,101",0,,,,,,,,,0,,0,,,,,,,,,,,,,,,,,,,,,,,
Santa Barbara,Santa Maria,"107,014",0,,,,,,,,,0,,0,,,,,,,,,,,,,,,,,,,,,,,
Santa Barbara,Solvang,"5,909",0,,,,,,,,,1,,0,,,,,,,,,,,,,,,,,,,,,,,
Santa Clara,Campbell,"41,544",0,,,,,,,,,,,0,,,,,,,,,,,,,,,,,,,,,,,
Santa Clara,Cupertino,"60,777",1,1,10-045,,2,5/2/2017,5/2/2017,1,,0,0,0,,,,,,,,,,,,,,,,,,,,,,,
Santa Clara,Gilroy,"57,664",1,1,,,2,2/6/2017,,3,Proclamation,0,0,0,,,,,,,,,,,,,,,,,,,,,,,
Santa Clara,Los Altos,"30,743",0,,,,,,,,,,,0,,,,,,,,,,,,,,,,,,,,,,,
Santa Clara,Los Altos Hills,"8,580",0,,,,,,,,,,,0,,,,,,,,,,,,,,,,,,,,,,,
Santa Clara,Los Gatos,"30,724",0,,,,,,,,,,,0,,,,,,,,,,,,,,,,,,,,,,,
Santa Clara,Milpitas,"78,106",0,,,,,,,,,,,0,,,,,,,,,,,,,,,,,,,,,,,
Santa Clara,Monte Sereno,"3,578",0,,,,,,,,,,,0,,,,,,,,,,,,,,,,,,,,,,,
Santa Clara,Morgan Hill,"45,037",0,,,,,,,,,,,0,,,,,,,,,,,,,,,,,,,,,,,
Santa Clara,Mountain View,"81,438",1,1,18170A,,2,10/24/2017,10/24/2017,1,,0,0,0,,,,,,,,,,,,,,,,,,,,,,,
Santa Clara,Palo Alto,"67,178",1,1,9653,,2,12/12/2016,12/12/2016,1,,0,0,0,,,,,,,,,,,,,,,,,,,,,,,
Santa Clara,San Jose,"1,035,317",1,1,73677,,2,3/6/2007,3/6/2007,,,0,0,0,,,,,,,,,,,,,,,,,,,,,,,
Santa Clara,Santa Clara,"127,134",1,1,,,1,12/6/2016,,1,,0,0,0,,,,,,,,,,,,,,,,,,,,,,,
Santa Clara,Saratoga,"30,905",0,,,,,,,,,,,0,,,,,,,,,,,,,,,,,,,,,,,
Santa Clara,Sunnyvale,"153,656",0,,,, ,,,,,,,0,,,,,,,,,,,,,,,,,,,,,,,
Santa Cruz,Capitola,"10,180",0,,,,,,,,,,,0,,,,,,,,,,,,,,,,,,,,,,,
Santa Cruz,Santa Cruz,"65,021",1,1,2017-06,,2,3/14/2017,4/14/2017,2,,0,0,1,1,1/10/2017,1/10/2017,1,,,,,,,,,,,,,,,,,,,
Santa Cruz,Scotts Valley,"11,945",0,,,,,,,,,0,0,0,,,,,,,,,,,,,,,,,,,,,,,
Santa Cruz,Watsonville,"54,098",1,1,1353-17,,2,5/9/2017,5/9/2017,2,,,,0,,,,,,,,,,,,,,,,,,,,,,,
Shasta,Anderson,"10,370",1,0,17-10,,2,3/7/2017,3/7/2017,1,,0,0,0,,,,,,,,,,,,,,,,,,,,,,,
Shasta,Redding,"91,794",0,,,,,,,,,0,0,0,,,,,,,,,,,,,,,,,,,,,,,
Shasta,Shasta Lake,"10,190",0,,,,,,,,,,0,0,,,,,,,,,,,,,,,,,,,,,,,
Sierra,Loyalton,706,0,,,,,,,,,0,0,0,,,,,,,,,,,,,,,,,,,,,,,
Siskiyou,Dorris,907,0,,,,,,,,,1,,0,,,,,,,,,,,,,,,,,,,,,,,
Siskiyou,Dunsmuir,"1,580",0,,,,,,,,,,,0,,,,,,,,,,,,,,,,,,,,,,,
Siskiyou,Etna,720,0,,,,,,,,,1,,0,,,,,,,,,,,,,,,,,,,,,,,
Siskiyou,Fort Jones,692,0,,,,,,,,,1,,0,,,,,,,,,,,,,,,,,,,,,,,
Siskiyou,Montague,"1,406",0,,,,,,,,,1,,0,,,,,,,,,,,,,,,,,,,,,,,
Siskiyou,Mount Shasta,"3,302",0,,,,,,,,,0,,0,,,,,,,,,,,,,,,,,,,,,,,
Siskiyou,Tulelake,994,0,,,,,,,,,0,,0,,,,,,,,,,,,,,,,,,,,,,,
Siskiyou,Weed,"2,716",0,,,,,,,,,1,,0,,,,,,,,,,,,,,,,,,,,,,,
Siskiyou,Yreka,"7,600",0,,,,,,,,,0,,0,,,,,,,,,,,,,,,,,,,,,,,
Solano,Benicia,"28,343",1,1,17-13,,2,2/7/2017,2/7/22017,1,,0,0,0,,,,,,,,,,,,,,,,,,,,,,,
Solano,Dixon,"20,202",1,0,18-111,,2,7/24/2018,7/24/2018,1,,0,1,0,,,,,,,,,,,,,,,,,,,,,,,
Solano,Fairfield,"116,266",0,,,,,,,,,0,0,0,,,,,,,,,,,,,,,,,,,,,,,
Solano,Rio Vista,"9,009",0,,,,,,,,,0,0,0,,,,,,,,,,,,,,,,,,,,,,,
Solano,Suisun City,"29,639",0,,,,,,,,,0,0,0,,,,,,,,,,,,,,,,,,,,,,,
Solano,Vacaville,"100,032",0,,,,,,,,,0,0,0,,,,,,,,,,,,,,,,,,,,,,,
Solano,Vallejo,"122,105",1,1,,,2,5/23/2017,5/23/2017,1,,0,,0,,,,,,,,,,,,,,,,,,,,,,,
Sonoma,Cloverdale,"8,803",0,,,,,,,,,0,,0,,,,,,,,,,,,,,,,,,,,,,,
Sonoma,Cotati,"7,479",0,,,,,,,,,0,,0,,,,,,,,,,,,,,,,,,,,,,,
Sonoma,Healdsburg,"11,840",1,1,15-2017,,2,2/21/2017,2/21/2017,1,,0,0,0,,,,,,,,,,,,,,,,,,,,,,,
Sonoma,Petaluma,"60,870",1,1,2017-032,,2,2/27/2017,2/27/2017,1,,0,0,0,,,,,,,,,,,,,,,,,,,,,,,
Sonoma,Rohnert Park,"42,838",0,,,,,,,,,0,,0,,,,,,,,,,,,,,,,,,,,,,,
Sonoma,Santa Rosa,"175,269",1,1,2010-017,,2,2/7/2017,2/7/2017,1,,0,0,0,,,,,,,,,,,,,,,,,,,,,,,
Sonoma,Sebastopol,"7,666",1,1,6127,,2,2/21/2017,2/21/2017,1,,0,,0,,,,,,,,,,,,,,,,,,,,,,,
Sonoma,Sonoma,"11,108",1,1,16-2017,,2,4/17/2017,4/17/2017,1,,0,,0,,,,,,,,,,,,,,,,,,,,,,,
Sonoma,Windsor,"27,548",1,1,3346-17,,2,3/1/2017,3/1/2017,1,,,0,0,,,,,,,,,,,,,,,,,,,,,,,
Stanislaus,Ceres,"48,697",0,,,,,,,,,1,,0,,,,,,,,,,,,,,,,,,,,,,,
Stanislaus,Hughson,"7,498",0,,,,,,,,,0,,0,,,,,,,,,,,,,,,,,,,,,,,
Stanislaus,Modesto,"214,221",0,,,,,,,,,0,,0,,,,,,,,,,,,,,,,,,,,,,,
Stanislaus,Newman,"11,361",0,,,,,,,,,0,,0,,,,,,,,,,,,,,,,,,,,,,,
Stanislaus,Oakdale,"23,150",0,,,,,,,,,0,,0,,,,,,,,,,,,,,,,,,,,,,,
Stanislaus,Patterson,"22,124",0,,,,,,,,,0,,0,,,,,,,,,,,,,,,,,,,,,,,
Stanislaus,Riverbank,"24,740",0,,,,,,,,,1,,0,,,,,,,,,,,,,,,,,,,,,,,
Stanislaus,Turlock,"73,556",0,,,,,,,,,0,,0,,,,,,,,,,,,,,,,,,,,,,,
Stanislaus,Waterford,"8,947",1,0,2018-29,,2,4/19/2018,4/19/2018,1,,0,1,0,,,,,,,,,,,,,,,,,,,,,,,
Sutter,Live Oak,"8,774",0,,,,,,,,,1,,0,,,,,,,,,,,,,,,,,,,,,,,
Sutter,Yuba City,"66,860",1,0,18-031,,2,5/1/2018,5/1/2018,1,,0,0,0,,,,,,,,,,,,,,,,,,,,,,,
Tehama,Corning,"7,592",0,,,,,,,,,0,,0,,,,,,,,,,,,,,,,,,,,,,,
Tehama,Red Bluff,"14,287",0,,,,,,,,,0,,0,,,,,,,,,,,,,,,,,,,,,,,
Tehama,Tehama,422,0,,,,,,,,,1,,0,,,,,,,,,,,,,,,,,,,,,,,
Tulare,Dinuba,"24,034",0,,,,,,,,,0,,0,,,,,,,,,,,,,,,,,,,,,,,
Tulare,Exeter,"10,553",0,,,,,,,,,1,,0,,,,,,,,,,,,,,,,,,,,,,,
Tulare,Farmersville,"10,778",0,,,,,,,,,1,,0,,,,,,,,,,,,,,,,,,,,,,,
Tulare,Lindsay,"13,303",0,,,,,,,,,1,,0,,,,,,,,,,,,,,,,,,,,,,,
Tulare,Porterville,"59,145",0,,,,,,,,,0,,0,,,,,,,,,,,,,,,,,,,,,,,
Tulare,Tulare,"63,855",0,,,,,,,,,,,0,,,,,,,,,,,,,,,,,,,,,,,
Tulare,Visalia,"133,010",0,,,,,,,,,,,0,,,,,,,,,,,,,,,,,,,,,,,
Tulare,Woodlake,"7,649",0,,,,,,,,,0,,0,,,,,,,,,,,,,,,,,,,,,,,
Tuolumne,Sonora,"4,857",0,,,,,,,,,1,,0,,,,,,,,,,,,,,,,,,,,,,,
Ventura,Camarillo,"67,845",0,,,,,,,,,0,,0,,,,,,,,,,,,,,,,,,,,,,,
Ventura,Fillmore,"15,812",0,,,,,,,,,0,,0,,,,,,,,,,,,,,,,,,,,,,,
Ventura,Moorpark,"36,802",0,,,,,,,,,0,,0,,,,,,,,,,,,,,,,,,,,,,,
Ventura,Ojai,"7,582",0,,,,,,,,,1,,0,,,,,,,,,,,,,,,,,,,,,,,
Ventura,Oxnard,"210,037",1,1,15045,,2,7/25/2017,7/25/2017,1,,0,,0,,,,,,,,,,,,,,,,,,,,,,,
Ventura,Port Hueneme,"22,327",0,,,,,,,,,0,,0,,,,,,,,,,,,,,,,,,,,,,,
Ventura,Santa Paula,"30,313",0,,,,,,,,,0,,0,,,,,,,,,,,,,,,,,,,,,,,
Ventura,Simi Valley,"126,878",0,,,,,,,,,0,1,0,,,,,,,,,,,,,,,,,,,,,,,
Ventura,Thousand Oaks,"128,995",0,,,,,,,,,0,,0,,,,,,,,,,,,,,,,,,,,,,,
Ventura,Ventura,"110,790",0,,,,,,,,,0,,0,,,,,,,,,,,,,,,,,,,,,,,
Yolo,Davis,"68,986",1,1,14-153,,2,11/5/2014,11/5/2014,1,,,,1,1,10/16/2007,10/16/2007,1,,1,1,3/5/1986,3/5/1986,1,,,,,,,,,,,,,
Yolo,West Sacramento,"53,512",0,,,,,,,,,1,,0,,,,,,,,,,,,,,,,,,,,,,,
Yolo,Winters,"7,273",0,,,,,,,,,0,,0,,,,,,,,,,,,,,,,,,,,,,,
Yolo,Woodland,"60,012",1,1,6943,,2,10/3/2017,10/3/2017,1,,1,,0,,,,,,,,,,,,,,,,,,,,,,,
Yuba,Marysville,"12,413",0,,,,,,,,,1,,0,,,,,,,,,,,,,,,,,,,,,,,
Yuba,Wheatland,"3,842",0,,,,,,,,,1,,0,,,,,,,,,,,,,,,,,,,,,,,
